"Id:ID(Person-ID)","name",":LABEL",":LABEL"
"1054516","保罗·纽曼","Actor","Person"
"1049865","弗雷德里克·马奇","Actor","Person"
"1019098","理查德·布恩","Actor","Person"
"1027409","黛安妮·赛琳托","Actor","Person"
"1041239","卡梅隆·米切尔","Actor","Person"
"1054456","约翰尼·德普","Actor","Person"
"1077869","Courtney Chase","Actor","Person"
"1054587","查尔斯·达顿","Actor","Person"
"1053574","克里斯托弗·沃肯","Actor","Person"
"1018053","罗马·玛菲娅","Actor","Person"
"1032134","彼得·斯特劳斯","Actor","Person"
"1017982","格洛利亚·鲁本","Actor","Person"
"1018954","山口胜平","Actor","Person"
"1024909","本田贵子","Actor","Person"
"701452.5110266797","水谷优子","Actor","Person"
"1043276","飞田展男","Actor","Person"
"814354.2506684439","高木渉","Actor","Person"
"422099.35917130247","岩田光央","Actor","Person"
"516779.39694990416","梁田清之","Actor","Person"
"1054418","蕾妮·泽尔维格","Actor","Person"
"1031223","科林·费尔斯","Actor","Person"
"1003493","休·格兰特","Actor","Person"
"1019049","吉姆·布劳德本特","Actor","Person"
"1022683","杰茜达·芭瑞特","Actor","Person"
"1027834","尼克·斯旺森","Actor","Person"
"1003481","米拉·库尼斯","Actor","Person"
"1027856","鲍勃·奥登科克","Actor","Person"
"1248294","T·J·米勒","Actor","Person"
"1044950","罗伯·里格尔","Actor","Person"
"1054392","苏珊·萨兰登","Actor","Person"
"1013797","丹尼·麦克布耐德","Actor","Person"
"1045056","兰斯·巴斯","Actor","Person"
"1049511","詹妮佛·库里奇","Actor","Person"
"1108899","杰·约翰斯顿","Actor","Person"
"1032754","原田芳雄","Actor","Person"
"1316727","大谷直子","Actor","Person"
"1014900","藤田敏八","Actor","Person"
"1033519","大楠道代","Actor","Person"
"1014853","树木希林","Actor","Person"
"1321432","磨赤儿","Actor","Person"
"1011447","佐佐木澄江","Actor","Person"
"1163631","山谷初男","Actor","Person"
"1054456","约翰尼·德普","Actor","Person"
"1041025","马龙·白兰度","Actor","Person"
"1013857","费·唐纳薇","Actor","Person"
"1014389","杰拉尔丁娜·帕伊亚","Actor","Person"
"528105.5698556531","Bob Dishy","Actor","Person"
"613359.500933616","Darren Berrecloth","Actor","Person"
"343344.77961627254","Andreu Lacondeguy","Actor","Person"
"881234.3022274411","James Doerfling","Actor","Person"
"629191.8908102965","Cam Zink","Actor","Person"
"483334.56811734085","Kurt Sorge","Actor","Person"
"1041278","毕比·安德森","Actor","Person"
"1036619","丽芙·乌曼","Actor","Person"
"1108440","Margaretha Krook","Actor","Person"
"1041602","甘纳尔·布耶恩施特兰德","Actor","Person"
"1125106","Jörgen Lindström","Actor","Person"
"1002665","艾德里安·布洛迪","Actor","Person"
"1324018","伊万·琼斯","Actor","Person"
"1319126","克里斯汀·康奈利","Actor","Person"
"1112913","伊万·卡马拉斯","Actor","Person"
"1223421","Máté Haumann","Actor","Person"
"382246.43154425063","Scott Alexander Young","Actor","Person"
"528711.0348271922","丹波哲郎","Actor","Person"
"619856.6588330667","岩下志麻","Actor","Person"
"213088.95610655675","木村功","Actor","Person"
"217992.3522359537","小沢栄太郎","Actor","Person"
"927087.8921770806","Li Chai Chung","Actor","Person"
"1019087","鲍勃·霍普","Actor","Person"
"1036679","弗吉尼亚·梅奥","Actor","Person"
"1025250","沃尔特·布伦南","Actor","Person"
"1053580","布兰登·费舍","Actor","Person"
"1036449","茅斯·达夫","Actor","Person"
"1007019","斯科特·格伦","Actor","Person"
"1036413","弗兰克·辛纳特拉","Actor","Person"
"1055551","特瑞沃·霍华德","Actor","Person"
"1018495","拉法艾拉·卡拉","Actor","Person"
"1002832","布拉德·德克斯特","Actor","Person"
"1080494","西吉奥·凡东尼","Actor","Person"
"1114811","约翰·莱顿","Actor","Person"
"1115918","梁朝伟","Actor","Person"
"1012563","张学友","Actor","Person"
"1166896","王祖贤","Actor","Person"
"1124360","利智","Actor","Person"
"1313719","刘兆铭","Actor","Person"
"1274304","刘洵","Actor","Person"
"1109767","刘玉婷","Actor","Person"
"1301194","黄光亮","Actor","Person"
"1037662","李子雄","Actor","Person"
"1054434","安东尼·霍普金斯","Actor","Person"
"1054442","妮可·基德曼","Actor","Person"
"1041028","温特沃斯·米勒","Actor","Person"
"1031848","加里·西尼斯","Actor","Person"
"1184188","大泉洋","Actor","Person"
"1042245","小池荣子","Actor","Person"
"119455.17141517902","绪方爱香","Actor","Person"
"999824.042155514","平野稔","Actor","Person"
"1025580","平田广明","Actor","Person"
"1031332","坂口芳贞","Actor","Person"
"1241686","羽鸟慎一","Actor","Person"
"795156.2531941483","市川雅俊","Actor","Person"
"1025979","笕利夫","Actor","Person"
"1054437","梅丽尔·斯特里普","Actor","Person"
"1022612","约翰·凯泽尔","Actor","Person"
"1054445","罗伯特·德尼罗","Actor","Person"
"1049596","约翰·萨维奇","Actor","Person"
"1053574","克里斯托弗·沃肯","Actor","Person"
"1152253","杰克·汤普森","Actor","Person"
"1016674","罗素·克劳","Actor","Person"
"1050205","约翰·波尔森","Actor","Person"
"1288391","Deborah Kennedy","Actor","Person"
"776972.7711954789","Joss Moroney","Actor","Person"
"1018988","琳赛·洛翰","Actor","Person"
"1031988","格伦妮·海德利","Actor","Person"
"1019072","卡洛·凯恩","Actor","Person"
"1044700","梅根·福克斯","Actor","Person"
"1036381","艾丽森·皮尔","Actor","Person"
"1017985","亚当·加西亚","Actor","Person"
"1016725","希拉·麦卡锡","Actor","Person"
"1048149","奥逊·威尔斯","Actor","Person"
"1027882","琼·芳登","Actor","Person"
"1016694","玛格丽特·奥布赖恩","Actor","Person"
"1092323","佩吉·安·加纳","Actor","Person"
"1028307","约翰·萨顿","Actor","Person"
"1041625","萨拉·奥尔古德","Actor","Person"
"1067393","亨利·丹尼尔","Actor","Person"
"1025146","李连杰","Actor","Person"
"1011513","文章","Actor","Person"
"1215287","桂纶镁","Actor","Person"
"1310684","朱媛媛","Actor","Person"
"1274637","董勇","Actor","Person"
"1018980","高圆圆","Actor","Person"
"1025176","蒂姆·罗斯","Actor","Person"
"1147207","保罗·瑞斯","Actor","Person"
"1067818","Adrian Brine","Actor","Person"
"276243.6023168204","Jean-François Perrier","Actor","Person"
"1009260","凯文·贝肯","Actor","Person"
"1040528","杰米·格尔兹","Actor","Person"
"1148534","保罗·罗德里奇斯","Actor","Person"
"1148102","鲁迪·拉莫斯","Actor","Person"
"1297837","安德鲁·史密斯","Actor","Person"
"1126277","Gerald S. O'Loughlin","Actor","Person"
"1022596","劳伦斯·菲什伯恩","Actor","Person"
"1056037","路易·安德森","Actor","Person"
"1092700","大卫·哈里斯","Actor","Person"
"1111182","惠特尼·克尔肖","Actor","Person"
"1139906","乔舒亚·谢利","Actor","Person"
"1106028","Georgann Johnson","Actor","Person"
"1344976","Charles McCaughan","Actor","Person"
"1344977","Nelson Vails","Actor","Person"
"1344978","卢·迪诺斯","Actor","Person"
"475588.2000451721",,"Actor","Person"
"1040506","艾玛·斯通","Actor","Person"
"1047979","杰昆·菲尼克斯","Actor","Person"
"1271408","杰米·布莱克利","Actor","Person"
"1040522","帕克·波西","Actor","Person"
"1007062","伊桑·菲利普斯","Actor","Person"
"1022897","大卫·阿隆·贝克","Actor","Person"
"1245747","梅瑞迪斯·海格纳","Actor","Person"
"1336709","本·罗森菲尔德","Actor","Person"
"1165744","索菲·冯·海索博格","Actor","Person"
"1018643","西尔维娅·侯克斯","Actor","Person"
"1317281","列昂尼德·比切文","Actor","Person"
"1119619","谢尔盖·马科韦茨基","Actor","Person"
"1050682","迪特·哈勒沃登","Actor","Person"
"1014583","雷娜塔·利特维诺娃","Actor","Person"
"1107342","伊娃-玛丽亚·库尔兹","Actor","Person"
"1095341","亨利·加尔辛","Actor","Person"
"1301292","吉姆·范德伍德","Actor","Person"
"1155184","斯维特兰娜·斯维特利奇娜娅","Actor","Person"
"1059494","乌尔里希·安修斯","Actor","Person"
"1191953","约斯特·派克斯","Actor","Person"
"1054512","詹妮弗·加纳","Actor","Person"
"1329735","凯莱·罗杰斯","Actor","Person"
"1027267","马丁·亨德森","Actor","Person"
"1025224","约翰·卡洛·林奇","Actor","Person"
"1050224","艾赫尼奥·德伯兹","Actor","Person"
"1335917","布莱特顿·沙比诺","Actor","Person"
"1031870","奎恩·拉提法","Actor","Person"
"1094347","罗达·格里菲丝","Actor","Person"
"1340010","韦恩·佩雷","Actor","Person"
"1009459","布鲁斯·奥尔特曼","Actor","Person"
"1049903","阿尔菲·艾伦","Actor","Person"
"1013774","瑞秋·尼科尔斯","Actor","Person"
"1041116","米西·派勒","Actor","Person"
"1013836","梅奇·费法","Actor","Person"
"1349857","丹妮尔·罗丝·拉塞尔","Actor","Person"
"1054721","保罗·吉尔福伊尔","Actor","Person"
"1327484","多米尼克·博加特","Actor","Person"
"1059249","阿曼达·贝克","Actor","Person"
"1150314","Robert Lewis Stephenson","Actor","Person"
"1010506","费雯·丽","Actor","Person"
"1041025","马龙·白兰度","Actor","Person"
"1041206","金·亨特","Actor","Person"
"1002773","卡尔·莫尔登","Actor","Person"
"1314176","李光洙","Actor","Person"
"1171476","李天熙","Actor","Person"
"1266979","朴宝英","Actor","Person"
"1320452","张光","Actor","Person"
"1031814","库尔特·拉塞尔","Actor","Person"
"1054409","史蒂夫·布西密","Actor","Person"
"1031935","彼得·方达","Actor","Person"
"1049774","克里夫·罗伯逊","Actor","Person"
"1019045","帕姆·格里尔","Actor","Person"
"181476.8310746895","A.J. Langer","Actor","Person"
"1054446","凯特·温丝莱特","Actor","Person"
"1004568","乔什·布洛林","Actor","Person"
"1315243","盖特林·格里菲斯","Actor","Person"
"1000083","克拉克·格雷格","Actor","Person"
"1031877","詹姆斯·范德比克","Actor","Person"
"1018020","布鲁克·史密斯","Actor","Person"
"1047997","托比·马奎尔","Actor","Person"
"1323346","阿丽克谢·吉尔莫","Actor","Person"
"1171930","迪兰·明奈特","Actor","Person"
"1054508","比尔·默瑞","Actor","Person"
"1010562","丹·艾克罗伊德","Actor","Person"
"1053569","西格妮·韦弗","Actor","Person"
"1040554","哈罗德·雷米斯","Actor","Person"
"1041111","安妮·波茨","Actor","Person"
"1002719","里克·莫拉尼斯","Actor","Person"
"1037391","玛瑞娜·阿布拉莫维奇","Actor","Person"
"1341973","Ulay","Actor","Person"
"1331263","Klaus Biesenbach","Actor","Person"
"1343458","David Balliano","Actor","Person"
"1343459","Chrissie Iles","Actor","Person"
"1343460","Arthur Danto","Actor","Person"
"1000660","大卫·布雷恩","Actor","Person"
"1019001","詹姆斯·弗兰科","Actor","Person"
"1343461","Rushka Bergman","Actor","Person"
"1343462","Ashton Swinford","Actor","Person"
"1012519","薇诺娜·瑞德","Actor","Person"
"1053574","克里斯托弗·沃肯","Actor","Person"
"1041002","比尔·奈伊","Actor","Person"
"1346133","汉斯派柏","Actor","Person"
"1027874","迪伦·贝克","Actor","Person"
"1036808","詹姆斯·诺顿","Actor","Person"
"1099400","扎克·格雷尼尔","Actor","Person"
"1016680","海伦娜·伯翰·卡特","Actor","Person"
"1009379","鲁珀特·格雷夫斯","Actor","Person"
"1004679","艾文·布莱纳","Actor","Person"
"1049844","马利克·约巴","Actor","Person"
"1346131","寇布勒·霍尔德布鲁克-史密斯","Actor","Person"
"1080751","梅雷蒂斯·伊顿","Actor","Person"
"1041681","梅拉布·尼尼泽","Actor","Person"
"1027579","楚潘·哈玛托娃","Actor","Person"
"1348756","拉米尔·萨尔霍乌德诺夫","Actor","Person"
"1354086","卡里姆·帕卡什科夫","Actor","Person"
"1124443","阿纳斯塔西娅·梅利尼科娃","Actor","Person"
"1096079","彼得·戈萨沃斯基","Actor","Person"
"1355686","路易斯·弗兰克","Actor","Person"
"1355688","维克托·博科夫","Actor","Person"
"1355687","维多利亚··科如托科娃","Actor","Person"
"1322205","马东锡","Actor","Person"
"1328385","李利景","Actor","Person"
"1042479","金英民","Actor","Person"
"1343342","赵东仁","Actor","Person"
"1343343","Teo Yoo","Actor","Person"
"1343345","安智慧","Actor","Person"
"1343346","赵宰龙","Actor","Person"
"1343347","金重基","Actor","Person"
"1343348","周喜中","Actor","Person"
"1343349","崔奎华","Actor","Person"
"1343350","严华永","Actor","Person"
"1343344","朴素丹","Actor","Person"
"1027993","华纳·欧兰德","Actor","Person"
"1096670","Irene Hervey","Actor","Person"
"343193.36539657175","乔恩·霍尔 Jon Hall","Actor","Person"
"1031239","保罗·沃克","Actor","Person"
"1022596","劳伦斯·菲什伯恩","Actor","Person"
"1009277","詹森·刘易斯","Actor","Person"
"964381.7913800651","Robert Taylor","Actor","Person"
"864323.766234153","Irene Dunne","Actor","Person"
"1016671","凯文·科斯特纳","Actor","Person"
"1049630","埃米·马迪根","Actor","Person"
"1013811","盖比·霍夫曼","Actor","Person"
"1036326","雷·利奥塔","Actor","Person"
"1019078","蒂莫西·布斯菲尔德","Actor","Person"
"1013800","詹姆斯·厄尔·琼斯","Actor","Person"
"1041141","伯特·兰卡斯特","Actor","Person"
"1010646","弗兰克·威利","Actor","Person"
"1073925","Dwier Brown","Actor","Person"
"1058963","James Andelin","Actor","Person"
"314132.256328151","Mary Anne Kean","Actor","Person"
"1132248","Fern Persons","Actor","Person"
"459306.35594258294","Kelly Coffield Park","Actor","Person"
"1115198","迈克尔·米尔汉","Actor","Person"
"481789.3001007925","Steve Eastin","Actor","Person"
"1025133","艾丽·范宁","Actor","Person"
"1322351","爱丽丝·恩格勒特","Actor","Person"
"1047880","克里斯蒂娜·亨德里克斯","Actor","Person"
"1017944","安妮特·贝宁","Actor","Person"
"1009310","亚历桑德罗·尼沃拉","Actor","Person"
"1031872","蒂莫西·斯波","Actor","Person"
"1013849","奥利弗·普莱特","Actor","Person"
"1044968","乔迪·梅","Actor","Person"
"1007113","艾达·卢皮诺","Actor","Person"
"1146105","罗伯特·瑞安","Actor","Person"
"1002795","沃德·邦德","Actor","Person"
"1105265","Charles Kemper","Actor","Person"
"1147346","Anthony Ross","Actor","Person"
"1002787","埃德·贝格利","Actor","Person"
"1161909","伊安·沃尔夫","Actor","Person"
"612426.2395052747","Sumner Williams","Actor","Person"
"1138529","Gus Schilling","Actor","Person"
"1082491","弗兰克·弗格森","Actor","Person"
"1041741","克莱奥·摩尔","Actor","Person"
"1078486","Olive Carey","Actor","Person"
"1008290","理查德·欧文","Actor","Person"
"489080.84831620945","Patricia Prest","Actor","Person"
"1039379","西村雅彦","Actor","Person"
"1019486","铃木京香","Actor","Person"
"1019420","唐泽寿明","Actor","Person"
"1051741","户田惠子","Actor","Person"
"1315752","井上顺","Actor","Person"
"1323580","细川俊之","Actor","Person"
"1043170","奥贯薫","Actor","Person"
"1034972","梶原善","Actor","Person"
"1312756","茂吕师冈","Actor","Person"
"1105724","近藤芳正","Actor","Person"
"1037130","布施明","Actor","Person"
"1037831","藤村俊二","Actor","Person"
"1052932","并木史郎","Actor","Person"
"1029799","田口浩正","Actor","Person"
"245769.10018464137","梅野泰靖","Actor","Person"
"1027181","渡边谦","Actor","Person"
"1045049","巴勃罗·施瑞博尔","Actor","Person"
"1336325","瑞安·施密特","Actor","Person"
"1275129","亚伦·斯塔顿","Actor","Person"
"1273010","科迪·圣特格奴","Actor","Person"
"185961.37428550064","Nick Saso","Actor","Person"
"172833.17512968276","Michael Chacon","Actor","Person"
"1005541","钟楚红","Actor","Person"
"1044746","林青霞","Actor","Person"
"1028614","叶倩文","Actor","Person"
"1028605","郑浩南","Actor","Person"
"1054282","午马","Actor","Person"
"1274568","张国强","Actor","Person"
"1048476","秦沛","Actor","Person"
"1054239","谷峰","Actor","Person"
"1275451","曾江","Actor","Person"
"1127819","吴君如","Actor","Person"
"1027899","马塞洛·马斯楚安尼","Actor","Person"
"1032761","尼瓦多·莎瓦特利","Actor","Person"
"1096752","加布里埃拉·佐洛杰里","Actor","Person"
"1119726","Folco Lulli","Actor","Person"
"1066607","伯纳德·布里尔","Actor","Person"
"1018495","拉法艾拉·卡拉","Actor","Person"
"1041805","弗兰索斯·皮埃尔","Actor","Person"
"1146488","Vittorio Sanipoli","Actor","Person"
"1132801","Mario Pisu","Actor","Person"
"1111128","Kenneth Kove","Actor","Person"
"1041411","安妮·吉拉尔多","Actor","Person"
"1085365","埃达·费德罗娜奥","Actor","Person"
"1344517","Anna Di Silvio","Actor","Person"
"944174.937767114","Jean-Pierre Bacri","Actor","Person"
"410998.2972123993","Isabelle Huppert","Actor","Person"
"46725.582397460385","Miou-Miou","Actor","Person"
"1041025","马龙·白兰度","Actor","Person"
"1048155","詹姆斯·梅森","Actor","Person"
"1027872","葛丽亚·嘉逊","Actor","Person"
"1040531","凯文·克莱恩","Actor","Person"
"1054431","丹泽尔·华盛顿","Actor","Person"
"1123046","凯文·麦克纳利","Actor","Person"
"199464.74563678086","Albert Ndinda","Actor","Person"
"218627.923282517","Sydney Arnold","Actor","Person"
"506472.0523882875","Guy Bertrand","Actor","Person"
"618019.540620938","Andrew Bicknell","Actor","Person"
"1294026","坎布兹亚·帕托维","Actor","Person"
"1326811","满艳·莫克丹","Actor","Person"
"1009626","贾法·帕纳西","Actor","Person"
"1326812","哈蒂·赛义迪","Actor","Person"
"1171342","Hannah Hodson","Actor","Person"
"1138841","安德烈·罗佑 ","Actor","Person"
"1049680","罗西·培瑞兹","Actor","Person"
"1101887","Hazelle Goodman","Actor","Person"
"1016832","Coati Mundi","Actor","Person"
"1143205","Lanette Ware","Actor","Person"
"1031862","大卫·休里斯","Actor","Person"
"1031922","凯莉·麦克唐纳","Actor","Person"
"1069738","Jordan Clarke","Actor","Person"
"1230888","Jack Thompson","Actor","Person"
"1144272","Jake Ritzema","Actor","Person"
"1022787","玛莉亚·嘉西亚·古欣娜塔","Actor","Person"
"1290746","Ernesto Mahieux","Actor","Person"
"1086013","Giovanni Esposito","Actor","Person"
"1020487","蒋雯丽","Actor","Person"
"1301518","尤勇","Actor","Person"
"1048144","史蒂芬·鲍德温","Actor","Person"
"1044881","加布里埃尔·伯恩","Actor","Person"
"1041005","本尼西奥·德尔·托罗","Actor","Person"
"1041150","凯文·波拉克","Actor","Person"
"1054432","凯文·史派西","Actor","Person"
"1048183","查兹·帕尔明特瑞","Actor","Person"
"1007023","皮特·波斯尔思韦特","Actor","Person"
"1013951","苏茜·爱米斯","Actor","Person"
"1048143","吉安卡罗·埃斯波西托","Actor","Person"
"1025245","丹·哈达亚","Actor","Person"
"1025386","保罗·巴特尔","Actor","Person"
"1365293","卡尔·布瑞斯勒","Actor","Person"
"1365294","菲力浦·西蒙","Actor","Person"
"1365295","杰克·希勒","Actor","Person"
"1085830","克里斯汀·艾斯布鲁克","Actor","Person"
"1022616","詹妮弗·劳伦斯","Actor","Person"
"1053556","乔什·哈切森","Actor","Person"
"1012478","利亚姆·海姆斯沃斯","Actor","Person"
"1053560","伍迪·哈里森","Actor","Person"
"1010556","唐纳德·萨瑟兰","Actor","Person"
"1054394","菲利普·塞默·霍夫曼","Actor","Person"
"1054519","朱丽安·摩尔","Actor","Person"
"1318991","薇洛·西尔德斯","Actor","Person"
"1010617","山姆·克拉弗林","Actor","Person"
"1004571","伊丽莎白·班克斯","Actor","Person"
"1004702","马赫沙拉·阿里","Actor","Person"
"1040982","吉娜·马隆","Actor","Person"
"1036484","杰弗里·怀特","Actor","Person"
"1332256","葆拉·马尔科姆森","Actor","Person"
"1040517","斯坦利·图齐","Actor","Person"
"1004607","娜塔莉·多默尔","Actor","Person"
"1181459","伊万·罗斯","Actor","Person"
"1049668","埃尔登·汉森","Actor","Person"
"1317954","约翰·威斯利·查特曼","Actor","Person"
"1055364","萨莉塔·乔德霍里","Actor","Person"
"1340120","斯黛芬·道森","Actor","Person"
"1232344","帕蒂纳·雷内亚·米勒","Actor","Person"
"1010576","罗伯特·克耐普","Actor","Person"
"1036321","克里斯托弗·普卢默","Actor","Person"
"1031975","琳恩·雷德格瑞夫","Actor","Person"
"822457.7668631116","伊莎贝拉·罗西里尼 Isabella Rossellini","Actor","Person"
"195659.63615096305","Peter Gerety","Actor","Person"
"875550.45005803","布赖恩·莫瑞 Brian Murray","Actor","Person"
"84891.12624781203","保罗·赫特 Paul Hecht","Actor","Person"
"1129490","Euan Morton","Actor","Person"
"1016681","小罗伯特·唐尼","Actor","Person"
"1035672","盖·皮尔斯","Actor","Person"
"1018985","格温妮斯·帕特洛","Actor","Person"
"1054393","本·金斯利","Actor","Person"
"1053573","唐·钱德尔","Actor","Person"
"1003482","保罗·贝坦尼","Actor","Person"
"1044871","丽贝卡·豪尔","Actor","Person"
"1027164","乔恩·费儒","Actor","Person"
"1000095","威廉姆·赛德勒","Actor","Person"
"1044722","詹姆斯·戴尔","Actor","Person"
"1164170","伊芳·齐玛","Actor","Person"
"1322702","泰·辛普金斯","Actor","Person"
"1027440","阿什利·汉弥尔顿","Actor","Person"
"1054562","王学圻","Actor","Person"
"1050059","范冰冰","Actor","Person"
"1013794","小库珀·古丁","Actor","Person"
"1010560","埃曼妞·沃吉亚","Actor","Person"
"377404.2941996842","Evert McQueen","Actor","Person"
"1003484","丹尼尔·雷德克里夫","Actor","Person"
"1053624","艾玛·沃森","Actor","Person"
"1012517","鲁伯特·格林特","Actor","Person"
"1031872","蒂莫西·斯波","Actor","Person"
"1004581","邦妮·怀特","Actor","Person"
"1035656","罗伯特·帕丁森","Actor","Person"
"1049488","汤姆·费尔顿","Actor","Person"
"1022732","梁佩诗","Actor","Person"
"1027154","迈克尔·刚本","Actor","Person"
"1013798","玛吉·史密斯","Actor","Person"
"1025153","艾伦·瑞克曼","Actor","Person"
"1010507","加里·奥德曼","Actor","Person"
"1006956","拉尔夫·费因斯","Actor","Person"
"675578.2219727567","Toni Baker","Actor","Person"
"887577.7222178123","Florence Ballard","Actor","Person"
"284230.7278529403","The Barbarians","Actor","Person"
"1044950","罗伯·里格尔","Actor","Person"
"1129482","梅甘·欧瑞","Actor","Person"
"1049512","维吉妮娅·马德森","Actor","Person"
"1036432","杰西·麦特卡尔菲","Actor","Person"
"1152919","基冈·康纳·特雷西","Actor","Person"
"1019056","丹尼斯·海斯伯特","Actor","Person"
"1012578","阿莱克斯·潘诺维奇","Actor","Person"
"1092064","凯利·格泽尔","Actor","Person"
"1056045","C.恩斯特·哈斯","Actor","Person"
"145478.69407167612","Sachin Sahel","Actor","Person"
"1064610","皮特·本森","Actor","Person"
"767642.010855442","Paul Lazenby","Actor","Person"
"1328121","曼尼·贾希尼托","Actor","Person"
"575230.2516586906","Taya Clyne","Actor","Person"
"724403.9651354122","Nickolas Baric","Actor","Person"
"1055422","卡罗尔·贝克","Actor","Person"
"1002773","卡尔·莫尔登","Actor","Person"
"21236.611817372574","Eli Wallach","Actor","Person"
"973812.138190214","Alexander Scheer","Actor","Person"
"1012598","亚历山大·贝叶尔","Actor","Person"
"1016796","卡特琳娜·塔巴赫","Actor","Person"
"1142755","斯特里奥·萨万特","Actor","Person"
"1173149","埃尔默·拜克","Actor","Person"
"1301633","玛雅·扎帕塔","Actor","Person"
"1293754","Lisa Owen","Actor","Person"
"116343.84531124865","Luis Alberti","Actor","Person"
"1059349","麦肯齐·阿斯丁","Actor","Person"
"1054432","凯文·史派西","Actor","Person"
"1055983","戴维·奥格登·施蒂尔斯","Actor","Person"
"1022901","奥古斯特·斯彻伦伯格","Actor","Person"
"1019027","布莱恩·考克斯","Actor","Person"
"859560.5847485138","George Gerdes","Actor","Person"
"1054450","汤姆·汉克斯","Actor","Person"
"1089616","埃迪·狄森","Actor","Person"
"1094629","诺娜·加耶","Actor","Person"
"1049804","彼得•斯科拉里","Actor","Person"
"1328534","Leslie Zemeckis","Actor","Person"
"1100458","Gordon Hart","Actor","Person"
"454666.5280686766","Eugene Friedman","Actor","Person"
"565368.5435999933","Stanley Friedman","Actor","Person"
"438940.4840020969","Robert Schwartz","Actor","Person"
"1000096","娜塔莎·雷昂","Actor","Person"
"1027191","克里·杜瓦尔","Actor","Person"
"1009271","奥布瑞·普拉扎","Actor","Person"
"1009256","朱迪·格雷尔","Actor","Person"
"1036464","弗莱德·阿米森","Actor","Person"
"476028.0429935009","Serge Renko","Actor","Person"
"1088217","Katerina Didaskalou","Actor","Person"
"1068625","谢丽埃勒·克莱尔","Actor","Person"
"1274913","阿曼达·朗格勒","Actor","Person"
"1296518","艾曼纽勒·萨兰杰","Actor","Person"
"256369.92997105158","Egor Beroev","Actor","Person"
"1042156","弗拉基米尔·伊利因","Actor","Person"
"719317.6840759689","Olga Krasko","Actor","Person"
"704347.161196866","Marat Basharov","Actor","Person"
"189878.83979690223","Viktor Verzhbitskiy","Actor","Person"
"1049605","杰奎琳·比塞特","Actor","Person"
"1016762","瓦伦蒂娜·格特斯","Actor","Person"
"1070141","达尼","Actor","Person"
"1022553","让-皮埃尔·利奥德","Actor","Person"
"1054852","弗朗索瓦·特吕弗","Actor","Person"
"1016735","让-皮埃尔·奥蒙特","Actor","Person"
"1076665","陈冠希","Actor","Person"
"1050179","钟丽缇","Actor","Person"
"1006393","颜颖思","Actor","Person"
"1023278","冯德伦","Actor","Person"
"1028522","李灿森","Actor","Person"
"1002667","保罗·路德","Actor","Person"
"205404.48064968153","Mitzi Ruhlmann","Actor","Person"
"1328089","韦德·布里格斯","Actor","Person"
"411858.7249156924","Luke Elliott","Actor","Person"
"218087.43952322286","Mattt Callan","Actor","Person"
"252965.88987419","James Malcher","Actor","Person"
"1054528","杰克·尼科尔森","Actor","Person"
"1010585","谢莉·杜瓦尔","Actor","Person"
"1123465","丹尼·劳埃德","Actor","Person"
"834395.7339356978","Nick Nolte","Actor","Person"
"585856.4347908399",,"Actor","Person"
"1018982","肖恩·康纳利","Actor","Person"
"1059229","哈里·安德鲁斯","Actor","Person"
"1010713","伊安·邦纳","Actor","Person"
"1016681","小罗伯特·唐尼","Actor","Person"
"1004592","莫利·林沃德","Actor","Person"
"1313408","迈尔斯·特勒","Actor","Person"
"1040526","谢琳·伍德蕾","Actor","Person"
"1027194","布丽·拉尔森","Actor","Person"
"1041018","玛丽·伊丽莎白·温斯特德","Actor","Person"
"1004588","詹妮弗·杰森·李","Actor","Person"
"1049607","凯尔·钱德勒","Actor","Person"
"91135.71600210157","Gennaro Pisano","Actor","Person"
"556596.9964409443","Marilyn Buferd","Actor","Person"
"1013678","小岭丽奈","Actor","Person"
"1036630","浅野忠信","Actor","Person"
"1109839","京野琴美","Actor","Person"
"1142576","岛田久作","Actor","Person"
"1037557","黑谷友香","Actor","Person"
"1007251","刘青云","Actor","Person"
"1037098","吴镇宇","Actor","Person"
"1023476","李若彤","Actor","Person"
"1028828","徐锦江","Actor","Person"
"1274433","张达明","Actor","Person"
"1318850","郑祖","Actor","Person"
"1322129","宋本中","Actor","Person"
"1301203","黄卓玲","Actor","Person"
"1040529","麦斯·米科尔森","Actor","Person"
"1025155","伊娃·格林","Actor","Person"
"1044708","杰弗里·迪恩·摩根","Actor","Person"
"1018199","埃里克·坎通纳","Actor","Person"
"1027504","米卡埃尔·佩斯布兰特","Actor","Person"
"1041246","道格拉斯·韩歇尔","Actor","Person"
"1201404","迈克尔·雷蒙德-詹姆斯","Actor","Person"
"1019055","乔纳森·普雷斯","Actor","Person"
"596988.3104286431","Tito Furtado","Actor","Person"
"556432.0695306908","Vitalina Varela","Actor","Person"
"96340.55210337378","Ventura","Actor","Person"
"1042051","若尾文子","Actor","Person"
"1034499","芦田伸介","Actor","Person"
"1313042","川津祐介","Actor","Person"
"1041127","杰米·李·柯蒂斯","Actor","Person"
"1018988","琳赛·洛翰","Actor","Person"
"1049496","马克·哈蒙","Actor","Person"
"1036603","海尔德·高德","Actor","Person"
"1047991","查德·迈克尔·墨瑞","Actor","Person"
"1006956","拉尔夫·费因斯","Actor","Person"
"1018989","蕾切尔·薇兹","Actor","Person"
"1014363","哈勃·孔黛","Actor","Person"
"1333426","丹尼·赫斯顿","Actor","Person"
"1041002","比尔·奈伊","Actor","Person"
"1019145","理查德·本杰明","Actor","Person"
"1013896","黛恩·坎农","Actor","Person"
"1049562","詹姆斯·柯本","Actor","Person"
"1049509","拉蔻儿·薇芝","Actor","Person"
"1055549","亨利·托马斯","Actor","Person"
"1091888","布莱克·赫伦","Actor","Person"
"1006998","芭芭拉·赫希","Actor","Person"
"1000083","克拉克·格雷格","Actor","Person"
"1054411","希拉里·斯万克","Actor","Person"
"1013815","肖恩·海托西","Actor","Person"
"1027323","斯塔克·桑德斯","Actor","Person"
"1036307","科林·汉克斯","Actor","Person"
"1040512","本·福斯特","Actor","Person"
"1022580","帕特里克·斯威兹","Actor","Person"
"1027150","瑞切尔·蕾·库克","Actor","Person"
"1013759","杰森·席格尔","Actor","Person"
"1285106","里克·戈麦斯","Actor","Person"
"1032236","克里斯托佛·乔治","Actor","Person"
"1122884","Catriona MacColl","Actor","Person"
"1084052","Carlo De Mejo","Actor","Person"
"1107333","Antonella Interlenghi","Actor","Person"
"1117143","Giovanni Lombardo Radice","Actor","Person"
"1316697","Daniela Doria","Actor","Person"
"1151360","Luca Venantini","Actor","Person"
"1041002","比尔·奈伊","Actor","Person"
"1016680","海伦娜·伯翰·卡特","Actor","Person"
"1006956","拉尔夫·费因斯","Actor","Person"
"1075760","陈小春","Actor","Person"
"1028522","李灿森","Actor","Person"
"570589.426467758","张锦程","Actor","Person"
"1274440","黎耀祥","Actor","Person"
"1150279","汤盈盈","Actor","Person"
"310960.43132644956","黎淑贤","Actor","Person"
"1275121","邹凯光","Actor","Person"
"1031793","郑伊健","Actor","Person"
"1003495","张柏芝","Actor","Person"
"1041368","林熙蕾","Actor","Person"
"1033280","谭耀文","Actor","Person"
"1031194","任达华","Actor","Person"
"1029805","林晓峰","Actor","Person"
"1003593","陈豪","Actor","Person"
"1017188","车婉婉","Actor","Person"
"282473.040660052","姜大卫","Actor","Person"
"509194.3174156222","柯受良","Actor","Person"
"1032016","泰莉莎·拉塞尔","Actor","Person"
"1010573","加里·布塞","Actor","Person"
"1019051","托尼·柯蒂斯","Actor","Person"
"1086328","伊莎贝拉·德鲁蒙德","Actor","Person"
"1010833","谢天华","Actor","Person"
"1050076","黄秋生","Actor","Person"
"1037098","吴镇宇","Actor","Person"
"1033379","陈法拉","Actor","Person"
"1050735","黄日华","Actor","Person"
"1163752","元彪","Actor","Person"
"1002862","曾志伟","Actor","Person"
"1274440","黎耀祥","Actor","Person"
"1274442","黄德斌","Actor","Person"
"1047528","陈键锋","Actor","Person"
"1314568","吕慧仪","Actor","Person"
"1045255","布兰登·布拉德里","Actor","Person"
"1040522","帕克·波西","Actor","Person"
"1012513","德瑞·德·玛泰","Actor","Person"
"1041181","蒂姆·金尼","Actor","Person"
"1019052","吉娜·罗兰兹","Actor","Person"
"1004891","梅尔维尔·珀波","Actor","Person"
"1031224","查宁·塔图姆","Actor","Person"
"1025059","马特·波莫","Actor","Person"
"1013768","乔·曼根尼罗","Actor","Person"
"1044702","艾梅柏·希尔德","Actor","Person"
"1054154","贾达·萍克·史密斯","Actor","Person"
"1004571","伊丽莎白·班克斯","Actor","Person"
"1048128","安迪·麦克道威尔","Actor","Person"
"1009632","加布里埃尔·伊格莱西亚斯","Actor","Person"
"1220515","迈克尔·斯特拉罕","Actor","Person"
"1191632","克丽丝特尔·亨特","Actor","Person"
"1333618","简·麦克尼尔","Actor","Person"
"1314061","唐纳德·格洛弗","Actor","Person"
"1010684","凯文·纳什","Actor","Person"
"1000117","亚当·罗德里格兹","Actor","Person"
"1322167","史蒂芬·布斯","Actor","Person"
"1094347","罗达·格里菲丝","Actor","Person"
"1336032","金柏莉·德拉蒙德","Actor","Person"
"1088841","瑞克·佛莱尔","Actor","Person"
"1128855","胡安·彼德拉伊塔","Actor","Person"
"1076587","克劳迪奥·布鲁克","Actor","Person"
"1050156","西尔维娅·皮纳尔","Actor","Person"
"1166561","Enrique Álvarez Félix","Actor","Person"
"1350608","Hortensia Santoveña","Actor","Person"
"1139745","Francisco Reiguera","Actor","Person"
"1276785","Luis Aceves Castañeda","Actor","Person"
"28853.31960973825","Enrique García Álvarez","Actor","Person"
"584173.1954617039","Antonio Bravo","Actor","Person"
"1072357","Enrique del Castillo","Actor","Person"
"747666.798347049","Eduardo MacGregor","Actor","Person"
"1037430","保罗·威格纳","Actor","Person"
"1099156","John Gottowt","Actor","Person"
"1065822","Grete Berger","Actor","Person"
"1137772","Lyda Salmonova","Actor","Person"
"1108831","Lothar Körner","Actor","Person"
"1165369","Fritz Weidemann","Actor","Person"
"1043012","Hanns Heinz Ewers","Actor","Person"
"1116572","Alexander Moissi","Actor","Person"
"165832.041870847","Fred Astaire","Actor","Person"
"646075.8751025379","Eleanor Powell","Actor","Person"
"199246.96979413726","George Murphy","Actor","Person"
"1361650","黄阿丽","Actor","Person"
"334111.9481048225","Dirk Bogarde","Actor","Person"
"137991.68771297942","Jon Whiteley","Actor","Person"
"1048359","丹尼尔·吉梅内斯·卡乔","Actor","Person"
"1144884","克劳迪娅 拉米莱斯","Actor","Person"
"451336.13407127117","Luis de Icaza","Actor","Person"
"164404.52060519185","Astrid Hadad","Actor","Person"
"253127.9985399777","Kathleen Quinlan  Deborah Blake","Actor","Person"
"183547.95878893437","Bibi Andersson  Dr. Fried","Actor","Person"
"500611.1762592811","Mel Gibson","Actor","Person"
"1027577","古天乐","Actor","Person"
"1009888","任贤齐","Actor","Person"
"1005537","叶璇","Actor","Person"
"1274503","冯淬帆","Actor","Person"
"1274279","林雪","Actor","Person"
"1275369","莫小棋","Actor","Person"
"1313681","韩雨芹","Actor","Person"
"1032940","郑中基","Actor","Person"
"1359062","刘宗基","Actor","Person"
"1098257","Åke Grönberg","Actor","Person"
"1007149","哈里特·安德森","Actor","Person"
"1051078","哈塞·埃克曼","Actor","Person"
"1082911","Anders Ek","Actor","Person"
"1076214","古德龙·布罗斯特","Actor","Person"
"1156369","Annika Tretow","Actor","Person"
"1154061","Erik Strandmark","Actor","Person"
"1041602","甘纳尔·布耶恩施特兰德","Actor","Person"
"1121526","Curt Löwgren","Actor","Person"
"1027662","Kiki","Actor","Person"
"1025144","凯瑞·穆里根","Actor","Person"
"1022620","安德鲁·加菲尔德","Actor","Person"
"1313105","伊兹·米克尔-斯莫","Actor","Person"
"1045003","查理·罗","Actor","Person"
"1261575","艾拉·珀内尔","Actor","Person"
"1007020","夏洛特·兰普林","Actor","Person"
"1044915","莎莉·霍金斯","Actor","Person"
"1313106","凯特·布兹·伦纳","Actor","Person"
"1313107","汉娜·夏普","Actor","Person"
"1313108","克里斯蒂娜·凯拉菲尔","Actor","Person"
"1313109","奥利弗·帕森斯","Actor","Person"
"1313110","卢克·布莱恩特","Actor","Person"
"1126232","菲德利斯·摩根","Actor","Person"
"1153085","达米安·托马斯","Actor","Person"
"1313111","娜塔莉·理查德","Actor","Person"
"1054448","凯拉·奈特莉","Actor","Person"
"1313115","大卫·斯特恩","Actor","Person"
"1040815","安德丽亚·瑞斯波罗格","Actor","Person"
"1313116","多姆纳尔·格里森","Actor","Person"
"1006955","玛丽昂·歌迪亚","Actor","Person"
"1054443","马特·达蒙","Actor","Person"
"1022596","劳伦斯·菲什伯恩","Actor","Person"
"1010510","裘德·洛","Actor","Person"
"1018985","格温妮斯·帕特洛","Actor","Person"
"1054446","凯特·温丝莱特","Actor","Person"
"1031807","布莱恩·科兰斯顿","Actor","Person"
"1012506","詹妮弗·艾莉","Actor","Person"
"1049658","埃利奥特·古尔德","Actor","Person"
"1036774","黄经汉","Actor","Person"
"1100849","约翰·浩克斯","Actor","Person"
"1317081","安娜·雅克贝-海伦","Actor","Person"
"1014212","何超仪","Actor","Person"
"1049584","桑娜·莱瑟","Actor","Person"
"1018107","迪米特利·马丁","Actor","Person"
"1000648","阿敏·罗德","Actor","Person"
"1067891","恩里克·克兰东尼","Actor","Person"
"1075379","拉里·克拉克","Actor","Person"
"1170513","莫尼克·加布里埃拉·库尔内","Actor","Person"
"1197244","徐天佑","Actor","Person"
"1317424","达丽雅·斯托寇思","Actor","Person"
"1367298","Griffin Kane","Actor","Person"
"1367299","Stef Tovar","Actor","Person"
"1317694","格蕾丝·雷克斯","Actor","Person"
"1339746","Rebecca Spence","Actor","Person"
"1367300","Dan Aho","Actor","Person"
"1367303","Brian J. O'Donnell","Actor","Person"
"1367302","Annabel Armour","Actor","Person"
"1367301","Kara Zediker","Actor","Person"
"1367304","Dan Flannery","Actor","Person"
"996478.1222792097","Maggie Grace","Actor","Person"
"1058055","玛琳·阿克曼","Actor","Person"
"1270653","Reila Aphrodite","Actor","Person"
"1001631","凯文·贝尔德","Actor","Person"
"1010509","布鲁斯·威利斯","Actor","Person"
"1053567","福里斯特·惠特克","Actor","Person"
"893128.5878994146","黛博拉·安沃尔 Deborah Ann Woll","Actor","Person"
"1054532","朱莉娅·罗伯茨","Actor","Person"
"1054429","克斯汀·邓斯特","Actor","Person"
"1000001","朱丽娅·斯蒂尔斯","Actor","Person"
"1027775","玛吉·吉伦哈尔","Actor","Person"
"1017930","金妮弗·古德温","Actor","Person"
"1027173","多米尼克·威斯特","Actor","Person"
"1025195","马西娅·盖伊·哈登","Actor","Person"
"1010536","托弗·戈瑞斯","Actor","Person"
"1012533","克里斯汀·斯图尔特","Actor","Person"
"1040536","伊丽莎白·帕金斯","Actor","Person"
"1049757","罗伯特·约翰·伯克","Actor","Person"
"1036323","迈克尔·安格拉诺","Actor","Person"
"1035639","史蒂夫·茨恩","Actor","Person"
"1040624","D·B·斯威尼","Actor","Person"
"329864.77690180595","Dick Hagerman","Actor","Person"
"417920.47218174447","Allison Siko","Actor","Person"
"762908.2954612954","Remy Brommer","Actor","Person"
"4922.130802980984","Grace Ameter","Actor","Person"
"930933.0360728423","Tyanna Rolley","Actor","Person"
"446902.21680374973","Leslie Lyles","Actor","Person"
"1096212","哈莉·赫里什","Actor","Person"
"135782.97429852636","Kimberly Kish","Actor","Person"
"214577.8516352208","Megan Pillar","Actor","Person"
"1032469","艾莉森·海耶斯","Actor","Person"
"1093161","William Hudson","Actor","Person"
"1144415","迈克尔·珊农","Actor","Person"
"1017885","克里斯·埃文斯","Actor","Person"
"1012519","薇诺娜·瑞德","Actor","Person"
"1036326","雷·利奥塔","Actor","Person"
"1019001","詹姆斯·弗兰科","Actor","Person"
"1041115","大卫·休默","Actor","Person"
"1009483","约翰·文堤米利亚","Actor","Person"
"1002703","贝蒂·戴维斯","Actor","Person"
"1036586","爱德华·罗宾逊","Actor","Person"
"1047982","亨弗莱·鲍嘉","Actor","Person"
"1070749","简·布赖恩","Actor","Person"
"1133794","韦恩·莫瑞斯","Actor","Person"
"1016709","哈里·凯瑞","Actor","Person"
"1031240","克里斯汀·贝尔","Actor","Person"
"1022628","马丁·斯塔尔","Actor","Person"
"1022716","麦米·古默","Actor","Person"
"1261919","大卫·兰伯特","Actor","Person"
"1027933","约翰·芬","Actor","Person"
"1049630","埃米·马迪根","Actor","Person"
"1014113","约书亚·哈尔托","Actor","Person"
"1032838","托尼诺·格拉","Actor","Person"
"1027778","安德烈·塔可夫斯基","Actor","Person"
"1322372","凯瑞·莎勒","Actor","Person"
"1094753","菲奥娜·格拉斯科特","Actor","Person"
"1316929","亚当·詹姆斯","Actor","Person"
"1322373","路易斯·麦克劳德","Actor","Person"
"1041155","迈克尔·恩奎斯特","Actor","Person"
"1037016","弗里达·霍尔格伦","Actor","Person"
"1160371","海伦·修荷姆 ","Actor","Person"
"1108900","伦纳特·杰凯尔","Actor","Person"
"1369925","英格拉·奥尔森","Actor","Person"
"1081665","尼克拉斯·福尔克","Actor","Person"
"1136642","皮尔·姆贝格","Actor","Person"
"1369929","伊娃·卢夫","Actor","Person"
"1369930","安德烈·舍贝里","Actor","Person"
"1140713","米卡尔·拉姆","Actor","Person"
"1103648","芭布萝·寇勒贝","Actor","Person"
"1057612","阿克塞拉·阿克塞尔","Actor","Person"
"1134629","拉塞·彼得森","Actor","Person"
"1129454","乌拉-布里特·诺曼-奥尔森","Actor","Person"
"1070665","米尔卡·克里森","Actor","Person"
"1153232","克里斯蒂娜·托维斯","Actor","Person"
"1025263","朗贝尔·维尔森","Actor","Person"
"1035664","迈克尔·朗斯代尔","Actor","Person"
"1037511","萨巴纳·奥扎尼","Actor","Person"
"1275015","奥利维尔·雷堡汀","Actor","Person"
"1080937","雅克·赫林","Actor","Person"
"1108398","菲利普·劳登巴赫","Actor","Person"
"1313223","洛伊克·比雄","Actor","Person"
"1313224","泽维尔·玛利","Actor","Person"
"1313225","让-玛丽·弗林","Actor","Person"
"1019155","罗伯特·鲍威尔","Actor","Person"
"1025251","大卫·沃纳","Actor","Person"
"1131085","埃里克·波特","Actor","Person"
"1080746","Karen Dotrice","Actor","Person"
"1123075","约翰·米尔斯","Actor","Person"
"1049698","葛丽泰·嘉宝","Actor","Person"
"1013734","约翰·吉尔伯特","Actor","Person"
"1096493","拉尔斯·汉森","Actor","Person"
"1035652","埃文·蕾切尔·伍德","Actor","Person"
"1009260","凯文·贝肯","Actor","Person"
"1009322","玛丽·斯图尔特·马斯特森","Actor","Person"
"1010856","阿琼·卡普尔","Actor","Person"
"1324899","阿莉雅·布哈特","Actor","Person"
"1005121","阿莫瑞塔·金格","Actor","Person"
"1142085","洛尼特·罗伊","Actor","Person"
"814015.1157004536","Revathy","Actor","Person"
"302054.24491314846","Shiv Kumar Subramaniam","Actor","Person"
"1031806","亚当·鲍德温","Actor","Person"
"1002720","马修·莫迪恩","Actor","Person"
"1010546","文森特·多诺费奥","Actor","Person"
"1055710","李·厄米","Actor","Person"
"326928.3527033191","Kevyn Major Howard","Actor","Person"
"860311.1326336148","Damon Albarn","Actor","Person"
"983680.9057233679","Jamie Hewlett","Actor","Person"
"747077.1511407859","De La Soul","Actor","Person"
"1018146","尼古拉·雷·卡斯","Actor","Person"
"1045340","法瑞斯·法瑞斯","Actor","Person"
"1350137","Sarah-Sofie Boussnina","Actor","Person"
"1066419","Beate Bille","Actor","Person"
"515247.9125915743","Will Chase","Actor","Person"
"44012.27526831053","Renee Goldsberry","Actor","Person"
"347849.9869817673","Adam Kantor","Actor","Person"
"498730.56343122333","Patton Oswalt","Actor","Person"
"579582.8799413985","Peter Sohn","Actor","Person"
"201.45347469124886","Lou Romano","Actor","Person"
"1000885","彼得·马莫诺夫","Actor","Person"
"1042199","维克托·苏霍卢科夫","Actor","Person"
"1215031","Dmitriy Dyuzhev","Actor","Person"
"98647.0341141128","李坂勇","Actor","Person"
"142035.3711023019","申元叶","Actor","Person"
"1031799","凯南·鲁兹","Actor","Person"
"1336776","盖亚·维斯","Actor","Person"
"1017912","斯科特·阿金斯","Actor","Person"
"1023325","罗姗妮·麦琪","Actor","Person"
"1315910","利亚姆·加里根","Actor","Person"
"1229519","连姆·麦肯泰尔","Actor","Person"
"1025225","拉德·舍博德兹加","Actor","Person"
"1049636","乔纳森·斯卡奇","Actor","Person"
"1127176","卢克·纽伯里","Actor","Person"
"1078956","肯尼思·库兰汉姆","Actor","Person"
"1338450","玛丽亚·盖尔","Actor","Person"
"1183793","萨拉·吉瓦蒂","Actor","Person"
"1338449","迪米特尔·多切诺夫","Actor","Person"
"1151274","尼古拉·索蒂罗夫","Actor","Person"
"1186587","拉多斯拉夫·巴瓦诺夫","Actor","Person"
"1005315","丹妮艾尔·卡坦扎利蒂","Actor","Person"
"506120.7531309106","Cassandra Jinman","Actor","Person"
"1223494","凯莎·卡斯特-休伊斯","Actor","Person"
"1041108","托妮·科莱特","Actor","Person"
"1019061","文森特·普莱斯","Actor","Person"
"1010644","彼得·洛","Actor","Person"
"1054528","杰克·尼科尔森","Actor","Person"
"1036575","波利斯·卡洛夫","Actor","Person"
"1005415","钱小豪","Actor","Person"
"1016847","惠英红","Actor","Person"
"1274229","鲍起静","Actor","Person"
"1028948","陈友","Actor","Person"
"1037408","吴耀汉","Actor","Person"
"1038772","卢海鹏","Actor","Person"
"1314531","钟发","Actor","Person"
"1289501","楼南光","Actor","Person"
"1054688","帕蒂·达班维尔","Actor","Person"
"177559.63792802644","Irka Bochenko","Actor","Person"
"1019249","贝纳·纪欧多","Actor","Person"
"1036342","肯尼思·布拉纳","Actor","Person"
"1054514","艾玛·汤普森","Actor","Person"
"1009241","罗宾·威廉姆斯","Actor","Person"
"1002695","安迪·加西亚","Actor","Person"
"1027866","德里克·雅各比","Actor","Person"
"1107320","迈克尔·B·乔丹","Actor","Person"
"1044956","梅罗妮·迪亚兹","Actor","Person"
"1154263","奥克塔维亚·斯宾瑟","Actor","Person"
"1013790","凯文·杜兰","Actor","Person"
"1047991","查德·迈克尔·墨瑞","Actor","Person"
"1313713","阿娜·欧蕾利","Actor","Person"
"277313.3370926299","Ariana Neal","Actor","Person"
"785347.7217919391","Keenan Coogler","Actor","Person"
"30406.596501431293","Trestin George","Actor","Person"
"1250822","乔伊·奥格莱斯比","Actor","Person"
"145083.773307789","Michael James","Actor","Person"
"929918.0571301618","Marjorie Crump-Shears","Actor","Person"
"223474.91179365432","Destiny Ekwueme","Actor","Person"
"84819.49871710647","Bianca Rodriguez III","Actor","Person"
"930204.5764134716","Julian Keyes","Actor","Person"
"1047958","加内特·赫德兰","Actor","Person"
"1031795","奥利维亚·王尔德","Actor","Person"
"1036313","杰夫·布里吉斯","Actor","Person"
"1048147","布鲁斯·巴克林纳","Actor","Person"
"1031840","詹姆斯·弗莱恩","Actor","Person"
"1013944","碧儿·加勒特","Actor","Person"
"1004566","麦克·辛","Actor","Person"
"1313155","阿尼斯·舍尔法","Actor","Person"
"1009347","赛琳达·斯万","Actor","Person"
"1214655","亚雅·达科斯塔","Actor","Person"
"1313156","伊丽莎白·马西斯","Actor","Person"
"1047992","基里安·墨菲","Actor","Person"
"1006956","拉尔夫·费因斯","Actor","Person"
"1004576","瓦妮莎·雷德格瑞夫","Actor","Person"
"1040500","杰拉德·巴特勒","Actor","Person"
"1000225","杰西卡·查斯坦","Actor","Person"
"1000683","杰瑞米·卡彭","Actor","Person"
"1037344","卡瑟琳·雅各布","Actor","Person"
"1053602","玛丽-克劳德·皮塔卡拉","Actor","Person"
"1275056","科洛·克莱沃","Actor","Person"
"1321393","费利克斯·莫阿蒂","Actor","Person"
"1053563","加里·格兰特","Actor","Person"
"1054449","奥黛丽·赫本","Actor","Person"
"1027849","沃尔特·马修","Actor","Person"
"1049562","詹姆斯·柯本","Actor","Person"
"1007031","乔治·肯尼迪","Actor","Person"
"1055154","梅尔·布兰科","Actor","Person"
"1004725","米凯亚·巴瑞辛尼科夫","Actor","Person"
"1089398","Alessandra Ferri","Actor","Person"
"516861.01246830553","Julie Kent","Actor","Person"
"1314334","安娜·麦克西维尔·马丁","Actor","Person"
"1106877","丹尼斯·劳森","Actor","Person"
"1025144","凯瑞·穆里根","Actor","Person"
"1022623","吉莲·安德森","Actor","Person"
"1054426","约翰·特拉沃尔塔","Actor","Person"
"1047986","萨尔玛·海耶克","Actor","Person"
"1013764","杰瑞德·莱托","Actor","Person"
"1006983","劳拉·邓恩","Actor","Person"
"1049543","詹姆斯·甘多菲尼","Actor","Person"
"1054427","达斯汀·霍夫曼","Actor","Person"
"1054514","艾玛·汤普森","Actor","Person"
"1010577","詹姆斯·布洛林","Actor","Person"
"1019089","理查德·希夫","Actor","Person"
"1031849","威廉·赫特","Actor","Person"
"1031956","劳尔·朱力亚","Actor","Person"
"1054646","索尼娅·布拉加","Actor","Person"
"1125892","José Lewgoy","Actor","Person"
"1037517","米尔顿·哥恩卡维斯","Actor","Person"
"1122461","约翰·梅尔","Actor","Person"
"1096633","阿斯特里德·霍尔姆","Actor","Person"
"1131652","Karin Nellemose","Actor","Person"
"1126402","Mathilde Nielsen","Actor","Person"
"1147902","Clara Schønfeld","Actor","Person"
"577677.3731620797","Johannes Nielsen","Actor","Person"
"1158108","Petrine Sonne","Actor","Person"
"288019.3927927455","Aage Hoffman","Actor","Person"
"157044.43509201836","Byril Harvig","Actor","Person"
"1123797","Viggo Lindstrøm","Actor","Person"
"1145441","Aage Schmidt","Actor","Person"
"747835.1448924536","Vilhelm Petersen","Actor","Person"
"1054425","马丁·斯科塞斯","Actor","Person"
"976076.4938180426","佐藤浩市","Actor","Person"
"140814.67123534597","星野真里","Actor","Person"
"22642.83648770582","佐野史郎","Actor","Person"
"594718.8406024455","羽田美智子","Actor","Person"
"645735.9724215192","木村多江","Actor","Person"
"102216.71381056852","真木阳子","Actor","Person"
"931269.223796737","南果步","Actor","Person"
"1022701","本·卓别林","Actor","Person"
"1014122","夏洛特·莱利","Actor","Person"
"428471.98736732284","Nora von Waldstätten","Actor","Person"
"1315193","奥利弗·杰森-科恩","Actor","Person"
"1000209","鲁珀特·伊文斯","Actor","Person"
"521229.8593942657","Tom Weston-Jones","Actor","Person"
"1316843","汤姆·库伦","Actor","Person"
"94369.17046761706","Sally Bankes","Actor","Person"
"1274371","布莱克·瑞特森","Actor","Person"
"7871.6789250687925",,"Actor","Person"
"1009777","椎名桔平","Actor","Person"
"1010507","加里·奥德曼","Actor","Person"
"1009875","长谷川京子","Actor","Person"
"1028338","清水美沙","Actor","Person"
"1042056","柄本明","Actor","Person"
"304269.6233774063","Richard Chamberlain","Actor","Person"
"554432.6609547765","Patrick McGoohan","Actor","Person"
"766581.8327489647","Louis Jourdan","Actor","Person"
"1345295","Aleksandr Chistyakov","Actor","Person"
"1327183","Vera Baranovskaya","Actor","Person"
"677703.0862104314","Ivan Chuvelyov","Actor","Person"
"436055.4719709995","V. Obolensky","Actor","Person"
"191743.41422132458","Aleksei Davor","Actor","Person"
"122679.50482376278","Vladimir Fogel","Actor","Person"
"392005.5011193813","Aleksandr Gromov","Actor","Person"
"1113068","尼古拉·赫梅廖夫","Actor","Person"
"1002458","谢尔盖·科马罗夫","Actor","Person"
"1032729","弗谢沃罗德·普多夫金","Actor","Person"
"632260.4618216346","Max Tereshkovich","Actor","Person"
"644666.4184188755","Viktor Tsoppi","Actor","Person"
"818142.7713280711","M. Tsybulsky","Actor","Person"
"115686.32193580996","Anna Zemtsova","Actor","Person"
"162.6460075629943","Paul Argaud","Actor","Person"
"571128.887533108","Germaine Challaye","Actor","Person"
"610613.8348984049","Marcel Challaye","Actor","Person"
"1048405","多米尼克·霍卫兹","Actor","Person"
"1049595","托马斯·克莱舒曼","Actor","Person"
"1002896","约亨·尼克尔","Actor","Person"
"1023308","达娜·瓦罗娃","Actor","Person"
"1324998","塞巴斯蒂安·鲁道夫","Actor","Person"
"1064449","Martin Benrath","Actor","Person"
"1285548","西尔维斯特·格罗斯","Actor","Person"
"1054409","史蒂夫·布西密","Actor","Person"
"1003485","西耶娜·米勒","Actor","Person"
"383165.65349632903","Michael Buscemi","Actor","Person"
"1014422","塔拉·爱德丝","Actor","Person"
"1311169","David Schechter","Actor","Person"
"1218241","Molly Griffith","Actor","Person"
"1343758","Elizabeth Bracco","Actor","Person"
"682663.2122389873","James Villemaire","Actor","Person"
"495169.09671864595","Jackson Loo","Actor","Person"
"137454.83240675504","Craig muMs Grant","Actor","Person"
"315215.92398027144","Doc Dougherty","Actor","Person"
"1102367","Donna Hanover","Actor","Person"
"1186498","Wayne Wilcox","Actor","Person"
"1296833","Danny Schechter","Actor","Person"
"1185977","Philippe Vonlanthen","Actor","Person"
"366266.21104185045","Linda Fiorentino","Actor","Person"
"61963.319810165005","Bill Pullman","Actor","Person"
"21166.98424538388","Peter Berg","Actor","Person"
"1151577","艾莉森·斯戴曼","Actor","Person"
"1019049","吉姆·布劳德本特","Actor","Person"
"353316.01227534557","Claire Skinner","Actor","Person"
"1014047","简·霍洛克斯","Actor","Person"
"1041170","斯蒂芬·瑞","Actor","Person"
"1031872","蒂莫西·斯波","Actor","Person"
"1031862","大卫·休里斯","Actor","Person"
"1007022","内森·连恩","Actor","Person"
"1000045","马修·布罗德里克","Actor","Person"
"1031221","乌玛·瑟曼","Actor","Person"
"1009242","威尔·法瑞尔","Actor","Person"
"1042175","罗兰·贝科夫","Actor","Person"
"218695.08978057216","Iosif Ryklin","Actor","Person"
"724214.211018392","Viktor Mikhaylov","Actor","Person"
"1027849","沃尔特·马修","Actor","Person"
"1068233","Cris Campion","Actor","Person"
"1153085","达米安·托马斯","Actor","Person"
"653523.9546708798","Olu Jacobs","Actor","Person"
"1117002","费迪·梅恩","Actor","Person"
"1025147","克里夫·欧文","Actor","Person"
"1054532","朱莉娅·罗伯茨","Actor","Person"
"1036397","汤姆·威尔金森","Actor","Person"
"1017893","保罗·吉亚玛提","Actor","Person"
"587678.6295375782","Dan Daily","Actor","Person"
"1041415","苏珊娜·罗莎","Actor","Person"
"1053553","乌尔里希·穆埃","Actor","Person"
"1041562","亚诺·弗里斯奇","Actor","Person"
"1037352","弗兰克·捷林","Actor","Person"
"615401.5735611038","Stefan Clapczynski","Actor","Person"
"1107242","多丽丝·昆斯特曼","Actor","Person"
"1049584","桑娜·莱瑟","Actor","Person"
"1022742","雷欧·波瓦","Actor","Person"
"1048140","兰斯·亨利克森","Actor","Person"
"1004679","艾文·布莱纳","Actor","Person"
"345693.60951520613","Colin Salmon","Actor","Person"
"1031968","保罗·施耐德","Actor","Person"
"1013758","佐伊·丹斯切尔","Actor","Person"
"1165173","谢伊·惠格姆","Actor","Person"
"1013797","丹尼·麦克布耐德","Actor","Person"
"1031871","丽莎·明奈利","Actor","Person"
"1072649","文德尔·波顿","Actor","Person"
"1027777","詹妮弗·洛芙·休伊特","Actor","Person"
"1021998","埃米·罗森","Actor","Person"
"1048158","弗兰西丝·费舍","Actor","Person"
"1031807","布莱恩·科兰斯顿","Actor","Person"
"1027217","安东尼·麦凯","Actor","Person"
"1049558","梅丽莎·里奥","Actor","Person"
"1027158","布莱德利·惠特福德","Actor","Person"
"1041136","斯蒂芬·鲁特","Actor","Person"
"1013816","弗兰克·兰格拉","Actor","Person"
"1007062","伊桑·菲利普斯","Actor","Person"
"1176767","艾莎·辛德斯","Actor","Person"
"1108969","托比·胡斯","Actor","Person"
"1097305","斯宾塞·加雷特","Actor","Person"
"1084444","杰夫·道切特","Actor","Person"
"1313453","乔·奥康纳","Actor","Person"
"1333186","布鲁斯·诺兹克","Actor","Person"
"1249306","马克·理查德森二世","Actor","Person"
"1029253","林子祥","Actor","Person"
"1023743","缪骞人","Actor","Person"
"1274387","马斯晨","Actor","Person"
"1054424","刘德华","Actor","Person"
"1316147","奇梦石","Actor","Person"
"1328148","郝嘉陵","Actor","Person"
"1041488","野泽雅子","Actor","Person"
"1016801","田中真弓","Actor","Person"
"1012736","古川登志夫","Actor","Person"
"1008133","堀川亮","Actor","Person"
"1004736","亨利·罗林斯","Actor","Person"
"1004580","波波·斯图尔特","Actor","Person"
"1285408","凯特·格林豪斯","Actor","Person"
"1195725","乔丹·托多西","Actor","Person"
"1341563","大卫·里士满-佩克","Actor","Person"
"1355049","史蒂文·奥格","Actor","Person"
"1053575","基弗·萨瑟兰","Actor","Person"
"1087137","金·迪肯斯","Actor","Person"
"1000098","文森特·加洛","Actor","Person"
"1013979","何塞·费勒","Actor","Person"
"1004740","莎莎·嘉宝","Actor","Person"
"1044964","陈冲","Actor","Person"
"1013730","布莱恩·布朗","Actor","Person"
"1041847","John Stanton","Actor","Person"
"1049558","梅丽莎·里奥","Actor","Person"
"1009778","米丝蒂·阿哈姆","Actor","Person"
"1000100","查利·麦克德莫特","Actor","Person"
"1048138","迈克尔·奥吉弗","Actor","Person"
"1037624","田中绢代","Actor","Person"
"1021099","冈让司","Actor","Person"
"1119897","三井弘次","Actor","Person"
"478475.3020192676","Elliott Dexter","Actor","Person"
"502958.34295212606","Gloria Swanson","Actor","Person"
"957899.1029106625","Lew Cody","Actor","Person"
"1050361","品托·考维格","Actor","Person"
"1036330","华特·迪斯尼","Actor","Person"
"27493.412279670392","胜新太郎","Actor","Person"
"1023193","斯戴芬·里多","Actor","Person"
"1314431","卢巴纳·阿兹巴尔","Actor","Person"
"437357.9777195842","Mohamed Hamaidi","Actor","Person"
"1202996","马纳兹·阿什哈尔","Actor","Person"
"1017837","塔兰涅·阿里多斯蒂","Actor","Person"
"1016677","朱丽叶·比诺什","Actor","Person"
"1040530","贾斯汀·查特文","Actor","Person"
"1004619","玛格丽塔·莱维瓦","Actor","Person"
"1025195","马西娅·盖伊·哈登","Actor","Person"
"1027248","克里斯·马奎特","Actor","Person"
"1000344","米歇尔·哈里逊","Actor","Person"
"1036352","艾米莉·布朗宁","Actor","Person"
"1004590","阿莉尔·凯贝尔","Actor","Person"
"1004571","伊丽莎白·班克斯","Actor","Person"
"1007009","大卫·斯特雷泽恩","Actor","Person"
"271755.38183112623","Maya Massar","Actor","Person"
"205558.1379588738","Jesse Moss","Actor","Person"
"385255.5433747011","Sebastian Cabot","Actor","Person"
"113513.59583936117","Junius Matthews","Actor","Person"
"245750.60111895076","Barbara Luddy","Actor","Person"
"451899.4269240799","Reginald Owen","Actor","Person"
"765822.834748162","Gene Lockhart","Actor","Person"
"1010218","雅戈尼娅·库兹涅佐娃","Actor","Person"
"1128042","Aleksei Poluyan","Actor","Person"
"1094395","Leonid Gromov","Actor","Person"
"1274623","上官云珠","Actor","Person"
"1314778","蓝马","Actor","Person"
"1329984","齐衡","Actor","Person"
"1161002","吴茵","Actor","Person"
"1323983","沈扬","Actor","Person"
"1344111","高正","Actor","Person"
"1004643","托尼·贾","Actor","Person"
"961726.236448395","Petchtai Wongkamlao","Actor","Person"
"663420.8814495521","金星","Actor","Person"
"1275517","李昇基","Actor","Person"
"1275775","文彩元","Actor","Person"
"1315748","李瑞镇","Actor","Person"
"1334724","郑俊英","Actor","Person"
"1002743","斯宾塞·屈塞","Actor","Person"
"1010693","米尔顿·伯利","Actor","Person"
"1054487","米基·鲁尼","Actor","Person"
"1014523","安德斯·丹尼尔森·李","Actor","Person"
"1319490","汉斯·奥拉夫·布雷内","Actor","Person"
"1319491","英格丽德·奥拉瓦","Actor","Person"
"1027177","珍妮·瓦德","Actor","Person"
"1010683","马丁·科勒巴","Actor","Person"
"556362.5038851772","Hanna Putnam","Actor","Person"
"211216.52980959005","Carl Anthony Payne II","Actor","Person"
"24122.270589165495","Juan Longoria García","Actor","Person"
"1097782","Diane Ayala Goldner","Actor","Person"
"1313901","梅丽莎·里德","Actor","Person"
"1154663","马克·史蒂芬斯","Actor","Person"
"1013946","理查德·威德马克","Actor","Person"
"1025336","劳伊德·诺兰","Actor","Person"
"1113683","芭芭拉·劳伦斯","Actor","Person"
"1002787","埃德·贝格利","Actor","Person"
"1316066","陈博正","Actor","Person"
"1318089","杨丽音","Actor","Person"
"1079239","崔福生","Actor","Person"
"475438.27643084334","卓胜利","Actor","Person"
"574002.2817927672","江霞","Actor","Person"
"1315771","颜正国","Actor","Person"
"1044915","莎莉·霍金斯","Actor","Person"
"1040989","裴淳华","Actor","Person"
"1031812","米兰达·理查森","Actor","Person"
"1041156","鲍勃·霍斯金斯","Actor","Person"
"1019089","理查德·希夫","Actor","Person"
"191405.905224715","Jaime Winstone","Actor","Person"
"1010653","杰拉丁妮·詹姆斯","Actor","Person"
"1000257","丹尼尔·梅斯","Actor","Person"